ticker;data_com;data_pagamento;valor_por_cota
HGLG11;30/12/2014;15/01/2014;3.64
HGLG11;31/10/2014;14/11/2014;0.87
HGLG11;28/11/2014;12/12/2014;0.87
HGLG11;30/01/2015;13/02/2015;0.87
HGLG11;27/02/2015;13/03/2015;0.87
HGLG11;31/03/2015;15/04/2015;1.24
HGLG11;30/04/2015;15/05/2015;1.24
HGLG11;29/05/2015;15/06/2015;1.24
HGLG11;30/06/2015;14/07/2015;1.24
HGLG11;31/07/2015;14/08/2015;0.87
HGLG11;30/09/2015;15/09/2015;0.87
HGLG11;02/11/2015;16/11/2015;0.87
HGLG11;30/11/2015;14/12/2015;0.87
HGLG11;29/12/2015;15/01/2016;0.87
KNRI11;02/01/2016;15/01/2016;0.92
BTLG11;14/01/2016;23/01/2016;1.05
HGLG11;30/01/2016;14/02/2016;0.87
KNRI11;01/02/2016;14/02/2016;0.92
BTLG11;15/02/2016;24/02/2016;0.84
HGLG11;28/02/2016;15/03/2016;0.87
BTLG11;14/03/2016;24/03/2016;0.38
HGLG11;29/03/2016;15/04/2016;0.87
BTLG11;15/04/2016;25/04/2016;0.51
HGLG11;30/04/2016;14/05/2016;0.87
BTLG11;15/05/2016;24/05/2016;0.89
HGLG11;29/05/2016;15/06/2016;0.87
BTLG11;15/06/2016;24/06/2016;1.46118959
HGLG11;29/06/2016;14/07/2016;0.87
KNRI11;30/06/2016;14/07/2016;0.92
BTLG11;15/07/2016;25/07/2016;0.25337213
KNRI11;29/07/2016;12/08/2016;0.92
HGLG11;29/07/2016;15/08/2016;0.87
BTLG11;15/08/2016;25/08/2016;1.23729983
HGLG11;30/08/2016;15/09/2016;0.87
KNRI11;31/08/2016;15/09/2016;0.92
BTLG11;15/09/2016;23/09/2016;0.30109179
HGLG11;30/09/2016;14/10/2016;0.87
KNRI11;30/09/2016;17/10/2016;0.92
BTLG11;17/10/2016;25/10/2016;0.23687877
HGLG11;30/10/2016;15/11/2016;0.87
KNRI11;31/10/2016;16/11/2016;0.92
BTLG11;16/11/2016;25/11/2016;0.49635579
KNRI11;30/11/2016;14/12/2016;0.92
HGLG11;30/11/2016;15/12/2016;0.87
BTLG11;15/12/2016;23/12/2016;0.53908626
HGLG11;29/12/2016;13/01/2017;0.87
KNRI11;29/12/2016;13/01/2017;0.92
BTLG11;16/01/2017;24/01/2017;0.52754497
KNRI11;29/01/2017;13/02/2017;0.92
HGLG11;31/01/2017;14/02/2017;0.87
BTLG11;15/02/2017;24/02/2017;0.29654466
HGLG11;24/02/2017;14/03/2017;0.87
KNRI11;24/02/2017;14/03/2017;0.92
BTLG11;15/03/2017;24/03/2017;0.27494519
HGLG11;31/03/2017;17/04/2017;0.87
KNRI11;31/03/2017;17/04/2017;0.92
BTLG11;17/04/2017;25/04/2017;0.24447136
HGLG11;28/04/2017;15/05/2017;0.87
KNRI11;28/04/2017;15/05/2017;0.92
BTLG11;15/05/2017;25/05/2017;0.27198909
HGLG11;31/05/2017;14/06/2017;0.87
KNRI11;31/05/2017;14/06/2017;0.92
BTLG11;16/06/2017;23/06/2017;0.2422395
HGLG11;30/06/2017;14/07/2017;0.87
KNRI11;30/06/2017;14/07/2017;0.92
BTLG11;17/07/2017;25/07/2017;0.36089512
HGLG11;31/07/2017;14/08/2017;0.87
KNRI11;31/07/2017;14/08/2017;0.92
BTLG11;15/08/2017;25/08/2017;0.36423647
HGLG11;31/08/2017;15/09/2017;0.87
KNRI11;31/08/2017;15/09/2017;0.92
BTLG11;15/09/2017;25/09/2017;0.33743881
HGLG11;29/09/2017;16/10/2017;0.87
KNRI11;29/09/2017;16/10/2017;0.92
BTLG11;16/10/2017;25/10/2017;0.33525472
HGLG11;31/10/2017;16/11/2017;0.87
KNRI11;31/10/2017;16/11/2017;0.92
BTLG11;16/11/2017;24/11/2017;0.32036204
HGLG11;30/11/2017;14/12/2017;0.87
KNRI11;30/11/2017;14/12/2017;0.92
VISC11;30/11/2017;14/12/2017;0.61
XPML11;20/12/2017;15/12/2017;0.05
BTLG11;15/12/2017;22/12/2017;0.35254993
HGLG11;28/12/2017;15/01/2018;0.87
KNRI11;27/12/2017;15/01/2018;0.92
VISC11;28/12/2017;15/01/2018;0.61
XPML11;20/01/2018;15/01/2018;0.51
BTLG11;15/01/2018;24/01/2018;0.33724607
HGLG11;31/01/2018;16/02/2018;0.87
KNRI11;31/01/2018;16/02/2018;0.62
PMLL11;31/01/2018;16/02/2018;0.48
VISC11;31/01/2018;16/02/2018;0.61
BTLG11;15/02/2018;23/02/2018;0.33567909
XPML11;28/02/2018;23/02/2018;0.5
XPML11;16/02/2018;23/02/2018;0.51
HGLG11;28/02/2018;14/03/2018;0.87
KNRI11;28/02/2018;14/03/2018;0.82
PMLL11;28/02/2018;14/03/2018;0.5
VISC11;28/02/2018;14/03/2018;0.61
BTLG11;15/03/2018;23/03/2018;0.33492124
XPML11;16/03/2018;23/03/2018;0.49
HGLG11;29/03/2018;13/04/2018;0.87
KNRI11;29/03/2018;13/04/2018;0.9
KNRI11;29/03/2018;13/04/2018;0.82
PMLL11;29/03/2018;13/04/2018;0.67
VISC11;29/03/2018;13/04/2018;0.61
BTLG11;16/04/2018;25/04/2018;0.33762354
XPML11;18/04/2018;25/04/2018;0.5
HGLG11;30/04/2018;15/05/2018;0.87
KNRI11;30/04/2018;15/05/2018;0.82
PMLL11;30/04/2018;15/05/2018;0.61
VISC11;30/04/2018;15/05/2018;0.61
BTLG11;15/05/2018;25/05/2018;0.35068827
XPML11;18/05/2018;25/05/2018;0.52
HGLG11;30/05/2018;14/06/2018;0.87
KNRI11;30/05/2018;14/06/2018;0.82
PMLL11;30/05/2018;14/06/2018;0.62
VISC11;30/05/2018;14/06/2018;0.61
BTLG11;15/06/2018;25/06/2018;0.34887791
XPML11;18/06/2018;25/06/2018;0.49
HGLG11;29/06/2018;13/07/2018;0.75
KNRI11;29/06/2018;13/07/2018;0.92
PMLL11;29/06/2018;13/07/2018;0.62
XPLG11;29/06/2018;13/07/2018;0.32
VISC11;29/06/2018;16/07/2018;0.61
BTLG11;16/07/2018;25/07/2018;0.29360941
XPML11;18/07/2018;25/07/2018;0.29
HGLG11;31/07/2018;14/08/2018;0.75
HGRU11;31/07/2018;14/08/2018;0.68
KNRI11;31/07/2018;14/08/2018;0.82
PMLL11;31/07/2018;14/08/2018;0.62
VISC11;31/07/2018;14/08/2018;0.61
XPLG11;31/07/2018;14/08/2018;0.134116
BTLG11;15/08/2018;24/08/2018;0.34118117
XPML11;17/08/2018;24/08/2018;0.43
HGLG11;31/08/2018;17/09/2018;0.75
HGRU11;31/08/2018;17/09/2018;0.68
KNRI11;31/08/2018;17/09/2018;0.82
PMLL11;31/08/2018;17/09/2018;0.62
VISC11;31/08/2018;17/09/2018;0.61
XPLG11;31/08/2018;17/09/2018;0.5
BTLG11;17/09/2018;25/09/2018;0.30864063
XPML11;18/09/2018;25/09/2018;0.5
HGLG11;28/09/2018;15/10/2018;0.75
HGRU11;28/09/2018;15/10/2018;0.68
KNRI11;28/09/2018;15/10/2018;0.82
PMLL11;28/09/2018;15/10/2018;0.62
TGAR11;01/10/2018;15/10/2018;0.75
VISC11;28/09/2018;15/10/2018;0.61
XPLG11;28/09/2018;15/10/2018;0.7
TGAR11;09/10/2018;17/10/2018;0.75
BTLG11;15/10/2018;25/10/2018;0.31267287
XPML11;18/10/2018;25/10/2018;0.5
TGAR11;31/10/2018;15/11/2018;0.65
HGLG11;31/10/2018;16/11/2018;0.75
HGRU11;31/10/2018;16/11/2018;0.68
KNRI11;31/10/2018;16/11/2018;0.82
PMLL11;31/10/2018;16/11/2018;0.62
TGAR11;16/10/2018;16/11/2018;0.65
VISC11;31/10/2018;16/11/2018;0.61
XPLG11;16/10/2018;16/11/2018;0.6
XPML11;14/11/2018;23/11/2018;0.6
BTLG11;16/11/2018;26/11/2018;0.34646915
TGAR11;27/11/2018;05/12/2018;0.65
TGAR11;28/11/2018;06/12/2018;0.65
HGLG11;30/11/2018;14/12/2018;0.75
HGRU11;30/11/2018;14/12/2018;0.68
KNRI11;30/11/2018;14/12/2018;0.74
PMLL11;30/11/2018;14/12/2018;0.64
TGAR11;30/11/2018;14/12/2018;1.01
VISC11;30/11/2018;14/12/2018;0.6042
XPLG11;30/11/2018;14/12/2018;0.645
XPML11;14/12/2018;21/12/2018;0.65
BTLG11;17/12/2018;26/12/2018;0.36565537
HGLG11;28/12/2018;15/01/2019;0.75
HGRU11;28/12/2018;15/01/2019;0.78
KNRI11;28/12/2018;15/01/2019;0.74
PMLL11;28/12/2018;15/01/2019;0.64
TGAR11;28/12/2018;15/01/2019;1.13
VISC11;28/12/2018;15/01/2019;0.6042
XPLG11;28/12/2018;15/01/2019;0.648
BTLG11;15/01/2019;24/01/2019;0.36548651
XPML11;17/01/2019;24/01/2019;0.88
HGLG11;31/01/2019;14/02/2019;0.75
HGRU11;31/01/2019;14/02/2019;0.68
KNRI11;31/01/2018;14/02/2019;0.74
PMLL11;31/01/2019;14/02/2019;0.74
TGAR11;31/01/2019;14/02/2019;0.75
VISC11;31/01/2019;14/02/2019;0.6042
XPLG11;31/01/2019;14/02/2019;0.67
XPML11;14/02/2019;21/02/2019;0.6
BTLG11;15/02/2019;25/02/2019;0.38127845
HGLG11;28/02/2019;18/03/2019;0.75
HGRU11;28/02/2019;18/03/2019;0.68
KNRI11;28/02/2019;18/03/2019;0.74
PMLL11;28/02/2019;18/03/2019;0.6
TGAR11;28/02/2019;18/03/2019;0.84
VISC11;28/02/2019;18/03/2019;0.6042
XPLG11;28/02/2019;18/03/2019;0.67
BTLG11;15/03/2019;25/03/2019;0.38029859
XPML11;18/03/2019;25/03/2019;0.6
HGLG11;29/03/2019;12/04/2019;0.75
HGRU11;29/03/2019;12/04/2019;0.68
KNRI11;29/03/2019;12/04/2019;0.74
PMLL11;29/03/2019;12/04/2019;0.6
TGAR11;29/03/2019;12/04/2019;0.8
VISC11;29/03/2019;12/04/2019;0.6042
XPLG11;29/03/2019;12/04/2019;0.68
BTLG11;15/04/2019;25/04/2019;0.43010053
XPML11;17/04/2019;25/04/2019;0.54
TGAR11;30/04/2019;09/05/2019;0.83
HGLG11;30/04/2019;15/05/2019;0.75
HGRU11;30/04/2019;15/05/2019;0.68
KNRI11;30/04/2019;15/05/2019;0.74
PMLL11;30/04/2019;15/05/2019;0.6
VISC11;30/04/2019;15/05/2019;0.49
XPLG11;30/04/2019;15/05/2019;0.68
BTLG11;15/05/2019;24/05/2019;0.43079277
XPML11;17/05/2019;24/05/2019;0.51
TGAR11;31/05/2019;10/06/2019;0.85
HGLG11;31/05/2019;14/06/2019;0.75
HGRU11;31/05/2019;14/06/2019;0.68
KNRI11;31/05/2019;14/06/2019;0.74
PMLL11;31/05/2019;14/06/2019;0.6
VISC11;31/05/2019;14/06/2019;0.56
XPLG11;31/05/2019;14/06/2019;0.61
BTLG11;17/06/2019;25/06/2019;0.41094368
XPML11;17/06/2019;25/06/2019;0.54
TGAR11;28/06/2019;08/07/2019;1.01
HGLG11;28/06/2019;12/07/2019;0.75
HGRU11;28/06/2019;12/07/2019;0.68
KNRI11;28/06/2019;12/07/2019;0.74
XPLG11;28/06/2019;12/07/2019;0.61
PMLL11;28/06/2019;15/07/2019;0.6
VISC11;28/06/2019;15/07/2019;0.55
BTLG11;15/07/2019;25/07/2019;0.37310506
XPML11;18/07/2019;25/07/2019;0.56
TGAR11;31/07/2019;08/08/2019;0.8
HGLG11;31/07/2019;14/08/2019;0.75
HGRU11;31/07/2019;14/08/2019;0.68
KNRI11;31/07/2019;14/08/2019;0.74
PMLL11;31/07/2019;14/08/2019;0.6
VISC11;31/07/2019;14/08/2019;0.65
XPLG11;31/07/2019;14/08/2019;0.61
XPML11;14/08/2019;21/08/2019;0.57
BTLG11;15/08/2019;23/08/2019;0.41314732
TGAR11;30/08/2019;09/09/2019;0.86
HGLG11;30/08/2019;13/09/2019;0.75
HGRU11;30/08/2019;13/09/2019;0.68
KNRI11;30/08/2019;13/09/2019;0.74
PMLL11;30/08/2019;13/09/2019;0.61
VISC11;30/08/2019;13/09/2019;0.92
XPLG11;30/08/2019;13/09/2019;0.61
BTLG11;16/09/2019;25/09/2019;0.40769459
XPML11;18/09/2019;25/09/2019;0.57
TGAR11;30/09/2019;08/10/2019;0.9
HGLG11;30/09/2019;14/10/2019;0.78
HGRU11;30/09/2019;14/10/2019;0.68
KNRI11;30/09/2019;14/10/2019;0.74
PMLL11;30/09/2019;14/10/2019;0.56
VISC11;30/09/2019;14/10/2019;0.92
XPLG11;30/09/2019;14/10/2019;0.61
BTLG11;15/10/2019;23/10/2019;0.36
XPML11;18/10/2019;25/10/2019;0.59
TGAR11;31/10/2019;08/11/2019;0.93
HGLG11;31/10/2019;14/11/2019;0.78
HGRU11;31/10/2019;14/11/2019;0.68
KNRI11;31/10/2019;14/11/2019;0.74
PMLL11;31/10/2019;14/11/2019;0.43
VISC11;31/10/2019;14/11/2019;0.63
XPLG11;31/10/2019;14/11/2019;0.64
BTLG11;14/11/2019;25/11/2019;0.4
XPML11;14/11/2019;25/11/2019;0.59
TGAR11;29/11/2019;09/12/2019;0.99
HGLG11;29/11/2019;13/12/2019;0.78
HGRU11;29/11/2019;13/12/2019;0.68
KNRI11;29/11/2019;13/12/2019;0.74
PMLL11;29/11/2019;13/12/2019;0.34
VISC11;29/11/2019;13/12/2019;0.63
XPLG11;29/11/2019;13/12/2019;0.64
BTLG11;13/12/2019;23/12/2019;0.4
XPML11;16/12/2019;23/12/2019;0.52
TGAR11;30/12/2019;08/01/2020;1.35
HGLG11;30/12/2019;15/01/2020;0.78
HGRU11;30/12/2019;15/01/2020;0.74
KNRI11;30/12/2019;15/01/2020;0.74
PMLL11;30/12/2019;15/01/2020;0.36
VISC11;30/12/2019;15/01/2020;0.77
XPLG11;30/12/2019;15/01/2020;0.64
BTLG11;15/01/2020;24/01/2020;0.73816481
XPML11;17/01/2020;24/01/2020;0.61
BRCO11;31/01/2020;07/02/2020;0.55786762
TGAR11;31/01/2020;10/02/2020;0.57
HGLG11;31/01/2020;14/02/2020;0.78
HGRU11;31/01/2020;14/02/2020;0.68
KNRI11;31/01/2020;14/02/2020;0.74
PMLL11;31/01/2020;14/02/2020;0.81
VISC11;31/01/2020;14/02/2020;0.63
XPLG11;31/01/2020;14/02/2020;0.64
BTLG11;14/02/2020;21/02/2020;0.6
XPML11;14/02/2020;21/02/2020;0.5
BRCO11;28/02/2020;06/03/2020;0.55
TGAR11;28/02/2020;09/03/2020;0.7
HGLG11;28/02/2020;13/03/2020;0.78
HGRU11;28/02/2020;13/03/2020;0.68
KNRI11;28/02/2020;13/03/2020;0.74
PMLL11;28/02/2020;13/03/2020;0.5
TRXF11;28/02/2020;13/03/2020;0.57304389
VISC11;28/02/2020;13/03/2020;0.63
XPLG11;28/02/2020;13/03/2020;0.64
BTLG11;13/03/2020;25/03/2020;0.6
BRCO11;31/03/2020;07/04/2020;0.55
TGAR11;31/03/2020;08/04/2020;0.82
TRXF11;31/03/2020;14/04/2020;0.67
VISC11;31/03/2020;14/04/2020;0.3
XPLG11;31/03/2020;14/04/2020;0.58
HGLG11;31/03/2020;15/04/2020;0.78
HGRU11;31/03/2020;15/04/2020;0.68
KNRI11;31/03/2020;15/04/2020;0.65
PMLL11;31/03/2020;15/04/2020;0.4
BTLG11;15/04/2020;24/04/2020;0.5
BRCO11;30/04/2020;08/05/2020;0.565
TGAR11;30/04/2020;11/05/2020;0.8
HGLG11;30/04/2020;15/05/2020;0.78
HGRU11;30/04/2020;15/05/2020;0.68
KNRI11;30/04/2020;15/05/2020;0.65
PMLL11;30/04/2020;15/05/2020;0.12
TRXF11;30/04/2020;15/05/2020;0.67
VISC11;30/04/2020;15/05/2020;0.27
XPLG11;30/04/2020;15/05/2020;0.54
BTLG11;15/05/2020;25/05/2020;0.5
BRCO11;29/05/2020;05/06/2020;0.5571
TGAR11;29/05/2020;08/06/2020;1.25
HGLG11;29/05/2020;12/06/2020;0.78
HGRU11;29/05/2020;12/06/2020;0.68
PMLL11;29/05/2020;12/06/2020;0.11
TRXF11;29/05/2020;12/06/2020;0.67
KNRI11;29/05/2020;15/06/2020;0.65
VISC11;29/05/2020;15/06/2020;0.23
XPLG11;29/05/2020;15/06/2020;0.54
BTLG11;15/06/2020;25/06/2020;0.5
XPML11;18/06/2020;25/06/2020;0.27
BRCO11;30/06/2020;07/07/2020;0.56
TGAR11;30/06/2020;08/07/2020;1.23
HGLG11;30/06/2020;14/07/2020;0.78
HGRU11;30/06/2020;14/07/2020;0.68
KNRI11;30/06/2020;14/07/2020;0.65
PMLL11;30/06/2020;14/07/2020;0.14
TRXF11;30/06/2020;14/07/2020;0.67
VISC11;30/06/2020;14/07/2020;0.19
XPLG11;30/06/2020;15/07/2020;0.57
BTLG11;15/07/2020;24/07/2020;0.5
XPML11;17/07/2020;24/07/2020;0.41
BRCO11;31/07/2020;07/08/2020;0.55
TGAR11;31/07/2020;10/08/2020;1.14
HGLG11;31/07/2020;14/08/2020;0.78
HGRU11;31/07/2020;14/08/2020;0.68
KNRI11;31/07/2020;14/08/2020;0.65
PMLL11;31/07/2020;14/08/2020;0.15
TRXF11;31/07/2020;14/08/2020;0.65898122
VISC11;31/07/2020;14/08/2020;0.18
XPLG11;31/07/2020;14/08/2020;0.58
BTLG11;14/08/2020;25/08/2020;0.5
XPML11;18/08/2020;25/08/2020;0.03
BRCO11;31/08/2020;08/09/2020;0.55
TGAR11;31/08/2020;08/09/2020;1.09
HGLG11;31/08/2020;15/09/2020;0.78
HGRU11;31/08/2020;15/09/2020;0.68
KNRI11;31/08/2020;15/09/2020;0.65
PMLL11;31/08/2020;15/09/2020;0.3
TRXF11;31/08/2020;15/09/2020;0.34
VISC11;31/08/2020;15/09/2020;0.15
XPLG11;31/08/2020;15/09/2020;0.58
BTLG11;15/09/2020;25/09/2020;0.33
XPML11;18/09/2020;25/09/2020;0.18
BRCO11;30/09/2020;07/10/2020;0.55
PVBI11;30/09/2020;07/10/2020;0.45
TGAR11;30/09/2020;08/10/2020;1
FATN11;06/10/2020;15/10/2020;0.61
HGLG11;30/09/2020;15/10/2020;0.6
HGRU11;30/09/2020;15/10/2020;0.68
KNRI11;30/09/2020;15/10/2020;0.65
PMLL11;30/09/2020;15/10/2020;0.35
TRXF11;30/09/2020;15/10/2020;0.45
VISC11;30/09/2020;15/10/2020;0.2
XPLG11;30/09/2020;15/10/2020;0.58
BTLG11;15/10/2020;23/10/2020;0.6
XPML11;16/10/2020;23/10/2020;0.26
BRCO11;30/10/2020;09/11/2020;0.55
PVBI11;30/10/2020;09/11/2020;0.48
TGAR11;30/10/2020;10/11/2020;1.1
XPLG11;30/10/2020;13/11/2020;0.58
FATN11;06/11/2020;16/11/2020;0.57
HGLG11;30/10/2020;16/11/2020;0.78
HGRU11;30/10/2020;16/11/2020;0.68
KNRI11;30/10/2020;16/11/2020;0.65
PMLL11;30/10/2020;16/11/2020;0.48
TRXF11;30/10/2020;16/11/2020;0.7
VISC11;30/10/2020;16/11/2020;0.375
BTLG11;13/11/2020;25/11/2020;0.6
XPML11;18/11/2020;25/11/2020;0.42
BRCO11;30/11/2020;07/12/2020;0.55
PVBI11;30/11/2020;07/12/2020;0.47
TGAR11;30/11/2020;08/12/2020;1.12
BTLG11;04/12/2020;11/12/2020;0.6
FATN11;04/12/2020;14/12/2020;0.57
HGLG11;30/11/2020;14/12/2020;0.78
HGRU11;30/11/2020;14/12/2020;0.68
KNRI11;30/11/2020;14/12/2020;0.65
PMLL11;30/11/2020;14/12/2020;0.58
TRXF11;30/11/2020;14/12/2020;0.7
VISC11;30/11/2020;14/12/2020;0.45
XPLG11;30/11/2020;14/12/2020;0.58
XPML11;16/12/2020;23/12/2020;0.45
BRCO11;30/12/2020;08/01/2021;0.55
PVBI11;30/12/2020;08/01/2021;0.47
TGAR11;30/12/2020;11/01/2021;1.36
FATN11;07/01/2021;15/01/2021;0.59
GARE11;30/12/2020;15/01/2021;0.0750473
HGLG11;30/12/2020;15/01/2021;2.63
HGRU11;30/12/2020;15/01/2021;0.72
KNRI11;30/12/2020;15/01/2021;0.65
PMLL11;30/12/2020;15/01/2021;0.62
TRXF11;30/12/2020;15/01/2021;0.7
VISC11;30/12/2020;15/01/2021;0.55
XPLG11;30/12/2020;15/01/2021;0.6
BTLG11;15/01/2021;22/01/2021;0.6
XPML11;15/01/2021;22/01/2021;0.678304
BRCO11;29/01/2021;05/02/2021;0.55
PVBI11;29/01/2021;05/02/2021;0.491035
TGAR11;29/01/2021;08/02/2021;1.2
FATN11;04/02/2021;12/02/2021;0.62
GARE11;29/01/2021;12/02/2021;0.081
HGLG11;29/01/2021;12/02/2021;0.78
HGRU11;29/01/2021;12/02/2021;0.68
KNRI11;29/01/2021;12/02/2021;0.69
PMLL11;29/01/2021;12/02/2021;0.62
TRXF11;29/01/2021;12/02/2021;0.7
VISC11;29/01/2021;12/02/2021;0.6
XPLG11;29/01/2021;12/02/2021;0.58
BTLG11;12/02/2021;25/02/2021;0.6
XPML11;18/02/2021;25/02/2021;0.35
BRCO11;26/02/2021;05/03/2021;0.54
PVBI11;26/02/2021;05/03/2021;0.5
TGAR11;26/02/2021;08/03/2021;1.15
FATN11;04/03/2021;12/03/2021;0.66
GARE11;26/02/2021;12/03/2021;0.0844
HGLG11;26/02/2021;12/03/2021;0.78
HGRU11;26/02/2021;12/03/2021;0.68
KNRI11;26/02/2021;12/03/2021;0.69
PMLL11;26/02/2021;12/03/2021;0.6
TRXF11;26/02/2021;12/03/2021;0.7
VISC11;26/02/2021;12/03/2021;0.55
XPLG11;26/02/2021;12/03/2021;0.58
BTLG11;15/03/2021;22/03/2021;0.6
XPML11;18/03/2021;25/03/2021;0.25
BRCO11;31/03/2021;08/04/2021;0.54
PVBI11;31/03/2021;08/04/2021;0.5
TGAR11;31/03/2021;09/04/2021;1.3
FATN11;07/04/2021;15/04/2021;0.66
GARE11;31/03/2021;15/04/2021;0.084
HGLG11;31/03/2021;15/04/2021;0.78
HGRU11;31/03/2021;15/04/2021;0.68
KNRI11;31/03/2021;15/04/2021;0.69
PMLL11;31/03/2021;15/04/2021;0.45
TRXF11;31/03/2021;15/04/2021;0.7
VISC11;31/03/2021;15/04/2021;0.18
XPLG11;31/03/2021;15/04/2021;0.59
BTLG11;15/04/2021;23/04/2021;0.63
XPML11;15/04/2021;23/04/2021;0.15
BRCO11;30/04/2021;07/05/2021;0.54
PVBI11;30/04/2021;07/05/2021;0.5
TGAR11;30/04/2021;10/05/2021;1.26
FATN11;06/05/2021;14/05/2021;0.67
GARE11;30/04/2021;14/05/2021;0.084
HGLG11;30/04/2021;14/05/2021;0.78
HGRU11;30/04/2021;14/05/2021;0.68
KNRI11;30/04/2021;14/05/2021;0.69
PMLL11;30/04/2021;14/05/2021;0.4
TRXF11;30/04/2021;14/05/2021;0.7
VISC11;30/04/2021;14/05/2021;0.25
XPLG11;30/04/2021;14/05/2021;0.6
BTLG11;14/05/2021;25/05/2021;0.7
XPML11;18/05/2021;25/05/2021;0.3
BRCO11;31/05/2021;08/06/2021;0.54
PVBI11;31/05/2021;08/06/2021;0.54
TGAR11;31/05/2021;09/06/2021;1.16
FATN11;07/06/2021;15/06/2021;0.67
GARE11;31/05/2021;15/06/2021;0.084
HGLG11;31/05/2021;15/06/2021;1
HGRU11;31/05/2021;15/06/2021;0.7
PMLL11;31/05/2021;15/06/2021;0.45
TRXF11;31/05/2021;15/06/2021;0.7
VISC11;31/05/2021;15/06/2021;0.35
XPLG11;31/05/2021;15/06/2021;0.61
KNRI11;31/05/2021;16/06/2021;0.69
BTLG11;15/06/2021;25/06/2021;0.7
XPML11;18/06/2021;25/06/2021;0.4
BRCO11;30/06/2021;07/07/2021;0.54
PVBI11;30/06/2021;07/07/2021;0.56
TGAR11;30/06/2021;08/07/2021;1.11
FATN11;06/07/2021;14/07/2021;0.67
KNRI11;30/06/2021;14/07/2021;0.69
XPLG11;30/06/2021;14/07/2021;0.61
GARE11;30/06/2021;15/07/2021;0.084
HGLG11;30/06/2021;15/07/2021;2.2
HGRU11;30/06/2021;15/07/2021;0.9
PMLL11;30/06/2021;15/07/2021;0.5
TRXF11;30/06/2021;15/07/2021;0.7
VISC11;30/06/2021;15/07/2021;0.42
BTLG11;15/07/2021;23/07/2021;0.7
XPML11;16/07/2021;23/07/2021;0.52
BRCO11;30/07/2021;06/08/2021;0.57
PVBI11;30/07/2021;06/08/2021;0.59
TGAR11;30/07/2021;09/08/2021;1.08
BTLG11;06/08/2021;13/08/2021;0.74
FATN11;05/08/2021;13/08/2021;0.67
GARE11;30/07/2021;13/08/2021;0.084
HGLG11;30/07/2021;13/08/2021;1.1
HGRU11;30/07/2021;13/08/2021;0.72
KNRI11;30/07/2021;13/08/2021;0.69
PMLL11;30/07/2021;13/08/2021;0.53
TRXF11;30/07/2021;13/08/2021;0.7
VISC11;30/07/2021;13/08/2021;0.5
XPLG11;30/07/2021;13/08/2021;0.62
XPML11;18/08/2021;25/08/2021;0.6
BRCO11;31/08/2021;08/09/2021;0.57
PVBI11;31/08/2021;08/09/2021;0.56
TGAR11;31/08/2021;09/09/2021;1.1
FATN11;06/09/2021;15/09/2021;0.67
GARE11;31/08/2021;15/09/2021;0.084
HGLG11;31/08/2021;15/09/2021;1.1
HGRU11;31/08/2021;15/09/2021;0.72
KNRI11;31/08/2021;15/09/2021;0.73
PMLL11;31/08/2021;15/09/2021;0.55
TRXF11;31/08/2021;15/09/2021;0.7
VISC11;31/08/2021;15/09/2021;0.55
XPLG11;31/08/2021;15/09/2021;0.62
BTLG11;15/09/2021;24/09/2021;0.72
XPML11;17/09/2021;24/09/2021;0.57
BRCO11;30/09/2021;07/10/2021;0.57
PVBI11;30/09/2021;07/10/2021;0.56
TGAR11;30/09/2021;08/10/2021;1.11
FATN11;05/10/2021;15/10/2021;0.75
GARE11;30/09/2021;15/10/2021;0.084
HGLG11;30/09/2021;15/10/2021;1.1
HGRU11;30/09/2021;15/10/2021;0.72
KNRI11;30/09/2021;15/10/2021;0.77
PMLL11;30/09/2021;15/10/2021;0.57
TRXF11;30/09/2021;15/10/2021;0.72
VISC11;30/09/2021;15/10/2021;0.58
XPLG11;30/09/2021;15/10/2021;0.62
BTLG11;15/10/2021;25/10/2021;0.72
XPML11;18/10/2021;25/10/2021;0.57
BRCO11;29/10/2021;08/11/2021;0.57
PVBI11;29/10/2021;08/11/2021;0.56
TGAR11;29/10/2021;09/11/2021;1.2
FATN11;05/11/2021;16/11/2021;0.74
GARE11;29/10/2021;16/11/2021;0.084
HGLG11;29/10/2021;16/11/2021;1.1
HGRU11;29/10/2021;16/11/2021;0.72
KNRI11;29/10/2021;16/11/2021;0.77
PMLL11;29/10/2021;16/11/2021;0.6
TRXF11;29/10/2021;16/11/2021;0.77
VISC11;29/10/2021;16/11/2021;0.62
XPLG11;29/10/2021;16/11/2021;0.64
BTLG11;12/11/2021;25/11/2021;0.72
XPML11;18/11/2021;25/11/2021;0.5
BRCO11;30/11/2021;07/12/2021;0.6
PVBI11;30/11/2021;07/12/2021;0.54
TGAR11;30/11/2021;08/12/2021;1.22
PVBI11;02/12/2021;09/12/2021;0.02
FATN11;06/12/2021;14/12/2021;0.71
GARE11;30/11/2021;14/12/2021;0.084
HGLG11;30/11/2021;14/12/2021;1.1
HGRU11;30/11/2021;14/12/2021;0.72
KNRI11;30/11/2021;14/12/2021;0.77
PMLL11;30/11/2021;14/12/2021;0.62
TRXF11;30/11/2021;14/12/2021;0.8
VISC11;30/11/2021;14/12/2021;0.61
XPLG11;30/11/2021;14/12/2021;0.64
BTLG11;15/12/2021;23/12/2021;0.72
XPML11;16/12/2021;23/12/2021;0.55
BRCO11;30/12/2021;07/01/2022;0.63
PVBI11;30/12/2021;07/01/2022;0.56
TGAR11;30/12/2021;10/01/2022;1.23
FATN11;06/01/2022;14/01/2022;0.79
GARE11;30/12/2021;14/01/2022;0.084
HGLG11;30/12/2021;14/01/2022;1.75
HGRU11;30/12/2021;14/01/2022;0.76
KNRI11;30/12/2021;14/01/2022;0.88
PMLL11;30/12/2021;14/01/2022;0.65
TRXF11;30/12/2021;14/01/2022;0.9
VISC11;30/12/2021;14/01/2022;0.81
XPLG11;30/12/2021;14/01/2022;0.64
BTLG11;14/01/2022;25/01/2022;0.72
XPML11;18/01/2022;25/01/2022;0.85
BRCO11;31/01/2022;07/02/2022;0.63
PVBI11;31/01/2022;07/02/2022;0.56
TGAR11;31/01/2022;08/02/2022;1.16
FATN11;04/02/2022;14/02/2022;0.76
GARE11;31/01/2022;14/02/2022;0.084
HGLG11;31/01/2022;14/02/2022;1.1
HGRU11;31/01/2022;14/02/2022;0.76
KNRI11;31/01/2022;14/02/2022;0.81
PMLL11;31/01/2022;14/02/2022;0.72
TRXF11;31/01/2022;14/02/2022;0.8
VISC11;31/01/2022;14/02/2022;0.68
XPLG11;31/01/2022;14/02/2022;0.64
BTLG11;15/02/2022;25/02/2022;0.72
XPML11;18/02/2022;25/02/2022;0.6
BRCO11;25/02/2022;08/03/2022;0.63
PVBI11;25/02/2022;08/03/2022;0.56
TGAR11;25/02/2022;09/03/2022;1.22
FATN11;07/03/2022;15/03/2022;0.76
GARE11;25/02/2022;15/03/2022;0.082
HGLG11;25/02/2022;15/03/2022;1.1
HGRU11;25/02/2022;15/03/2022;0.76
KNRI11;25/02/2022;15/03/2022;0.81
PMLL11;25/02/2022;15/03/2022;0.72
TRXF11;25/02/2022;15/03/2022;0.8
VISC11;25/02/2022;15/03/2022;0.68
XPLG11;25/02/2022;15/03/2022;0.66
BTLG11;15/03/2022;22/03/2022;0.72
XPML11;18/03/2022;25/03/2022;0.64
BRCO11;31/03/2022;07/04/2022;0.63
PVBI11;31/03/2022;07/04/2022;0.56
TGAR11;31/03/2022;08/04/2022;1.27
FATN11;06/04/2022;14/04/2022;0.78
GARE11;31/03/2022;14/04/2022;0.082
HGLG11;31/03/2022;14/04/2022;1.1
HGRU11;31/03/2022;14/04/2022;0.82
KNRI11;31/03/2022;14/04/2022;0.81
PMLL11;31/03/2022;14/04/2022;0.72
TRXF11;31/03/2022;14/04/2022;0.8
VISC11;31/03/2022;14/04/2022;0.68
XPLG11;31/03/2022;14/04/2022;0.66
BTLG11;14/04/2022;25/04/2022;0.72
XPML11;14/04/2022;25/04/2022;0.66
PVBI11;29/04/2022;06/05/2022;0.56
TGAR11;29/04/2022;09/05/2022;1.44
BRCO11;29/04/2022;10/05/2022;0.63
FATN11;05/05/2022;13/05/2022;0.8
GARE11;29/04/2022;13/05/2022;0.082
HGLG11;29/04/2022;13/05/2022;1.1
HGRU11;29/04/2022;13/05/2022;0.82
KNRI11;29/04/2022;13/05/2022;0.84
PMLL11;29/04/2022;13/05/2022;0.72
TRXF11;29/04/2022;13/05/2022;0.8
VISC11;29/04/2022;13/05/2022;0.7
XPLG11;29/04/2022;13/05/2022;0.66
BTLG11;13/05/2022;25/05/2022;0.72
XPML11;18/05/2022;25/05/2022;0.68
PVBI11;31/05/2022;07/06/2022;0.56
TGAR11;31/05/2022;08/06/2022;1.53
BRCO11;31/05/2022;10/06/2022;0.65
FATN11;06/06/2022;14/06/2022;0.83
GARE11;31/05/2022;14/06/2022;0.082
HGLG11;31/05/2022;14/06/2022;1.1
HGRU11;31/05/2022;14/06/2022;0.82
KNRI11;31/05/2022;14/06/2022;0.84
PMLL11;31/05/2022;14/06/2022;0.72
TRXF11;31/05/2022;14/06/2022;0.85
VISC11;31/05/2022;14/06/2022;0.7
XPLG11;31/05/2022;14/06/2022;0.68
BTLG11;15/06/2022;24/06/2022;0.72
XPML11;17/06/2022;24/06/2022;0.68
PVBI11;30/06/2022;07/07/2022;0.56
TGAR11;30/06/2022;08/07/2022;1.57
BRCO11;30/06/2022;12/07/2022;0.77
FATN11;06/07/2022;14/07/2022;0.84
GARE11;30/06/2022;14/07/2022;0.08
HGLG11;30/06/2022;14/07/2022;3.3
HGRU11;30/06/2022;14/07/2022;1.2
KNRI11;30/06/2022;14/07/2022;0.84
PMLL11;30/06/2022;14/07/2022;0.72
TRXF11;30/06/2022;14/07/2022;1.05
VISC11;30/06/2022;14/07/2022;0.7
XPLG11;30/06/2022;14/07/2022;0.7
BTLG11;15/07/2022;25/07/2022;0.82
XPML11;18/07/2022;25/07/2022;0.69
PVBI11;29/07/2022;05/08/2022;0.56
TGAR11;29/07/2022;08/08/2022;1.58
BRCO11;29/07/2022;12/08/2022;0.65
FATN11;04/08/2022;12/08/2022;0.86
GARE11;29/07/2022;12/08/2022;0.0789928
HGLG11;29/07/2022;12/08/2022;1.1
HGRU11;29/07/2022;12/08/2022;0.82
KNRI11;29/07/2022;12/08/2022;0.91
PMLL11;29/07/2022;12/08/2022;0.75
TRXF11;29/07/2022;12/08/2022;0.85
VISC11;29/07/2022;12/08/2022;0.71
XPLG11;29/07/2022;12/08/2022;0.72
BTLG11;15/08/2022;25/08/2022;0.74
XPML11;18/08/2022;25/08/2022;0.7
GARE11;31/08/2022;08/09/2022;0.082
PVBI11;31/08/2022;08/09/2022;0.56
TGAR11;31/08/2022;09/09/2022;1.59
BRCO11;31/08/2022;14/09/2022;0.7
FATN11;06/09/2022;15/09/2022;0.86
HGLG11;31/08/2022;15/09/2022;1.1
HGRU11;31/08/2022;15/09/2022;0.82
KNRI11;31/08/2022;15/09/2022;0.91
PMLL11;31/08/2022;15/09/2022;0.77
TRXF11;31/08/2022;15/09/2022;0.85
VISC11;31/08/2022;15/09/2022;0.72
XPLG11;31/08/2022;15/09/2022;0.72
BTLG11;15/09/2022;23/09/2022;0.74
XPML11;16/09/2022;23/09/2022;0.73
GARE11;30/09/2022;07/10/2022;0.082
PVBI11;30/09/2022;07/10/2022;0.57
TGAR11;30/09/2022;10/10/2022;1.59
BRCO11;30/09/2022;14/10/2022;0.7
FATN11;06/10/2022;17/10/2022;0.89
HGLG11;30/09/2022;17/10/2022;1.1
HGRU11;30/09/2022;17/10/2022;0.82
KNRI11;30/09/2022;17/10/2022;0.91
PMLL11;30/09/2022;17/10/2022;0.8
TRXF11;30/09/2022;17/10/2022;0.85
VISC11;30/09/2022;17/10/2022;0.74
XPLG11;30/09/2022;17/10/2022;0.74
BTLG11;14/10/2022;25/10/2022;0.74
XPML11;18/10/2022;25/10/2022;0.75
GARE11;31/10/2022;08/11/2022;0.082
PVBI11;31/10/2022;08/11/2022;0.57
TGAR11;31/10/2022;09/11/2022;1.55
BRCO11;31/10/2022;14/11/2022;0.7
FATN11;07/11/2022;16/11/2022;0.9
HGLG11;31/10/2022;16/11/2022;1.1
HGRU11;31/10/2022;16/11/2022;0.82
KNRI11;31/10/2022;16/11/2022;0.91
PMLL11;31/10/2022;16/11/2022;0.78
TRXF11;31/10/2022;16/11/2022;0.85
VISC11;31/10/2022;16/11/2022;0.75
XPLG11;31/10/2022;16/11/2022;0.74
BTLG11;14/11/2022;25/11/2022;0.74
XPML11;18/11/2022;25/11/2022;0.75
GARE11;30/11/2022;07/12/2022;0.082
PVBI11;30/11/2022;07/12/2022;0.57
TGAR11;30/11/2022;08/12/2022;1.5
BRCO11;30/11/2022;14/12/2022;0.7
FATN11;06/12/2022;14/12/2022;0.8
HGLG11;30/11/2022;14/12/2022;1.1
HGRU11;30/11/2022;14/12/2022;0.82
KNRI11;30/11/2022;14/12/2022;0.91
PMLL11;30/11/2022;14/12/2022;0.78
TRXF11;30/11/2022;14/12/2022;0.85
VISC11;30/11/2022;14/12/2022;0.76
XPLG11;30/11/2022;14/12/2022;0.74
BTLG11;15/12/2022;23/12/2022;0.74
XPML11;16/12/2022;23/12/2022;0.77
GARE11;29/12/2022;06/01/2023;0.082
PVBI11;29/12/2022;06/01/2023;0.57
TGAR11;29/12/2022;09/01/2023;1.3
BRCO11;29/12/2022;13/01/2023;0.65
FATN11;05/01/2023;13/01/2023;0.92
HGLG11;29/12/2022;13/01/2023;2.2
HGRU11;29/12/2022;13/01/2023;2
KNRI11;29/12/2022;13/01/2023;1
PMLL11;29/12/2022;13/01/2023;0.78
TRXF11;29/12/2022;13/01/2023;1.2
VISC11;29/12/2022;13/01/2023;0.85
XPLG11;29/12/2022;13/01/2023;0.74
BTLG11;13/01/2023;25/01/2023;0.74
XPML11;18/01/2023;25/01/2023;0.9
GARE11;31/01/2023;07/02/2023;0.081
PVBI11;31/01/2023;07/02/2023;0.61
TGAR11;31/01/2023;08/02/2023;1.3
BRCO11;31/01/2023;14/02/2023;0.62
FATN11;06/02/2023;14/02/2023;0.9
HGLG11;31/01/2023;14/02/2023;1.1
HGRU11;31/01/2023;14/02/2023;0.82
KNRI11;31/01/2023;14/02/2023;0.91
PMLL11;31/01/2023;14/02/2023;0.78
TRXF11;31/01/2023;14/02/2023;0.85
VISC11;31/01/2023;14/02/2023;0.82
XPLG11;31/01/2023;14/02/2023;0.74
BTLG11;15/02/2023;24/02/2023;0.74
XPML11;15/02/2023;24/02/2023;0.77
GARE11;28/02/2023;07/03/2023;0.082
PVBI11;28/02/2023;07/03/2023;0.61
BRCO11;28/02/2023;14/03/2023;0.62
FATN11;06/03/2023;14/03/2023;0.74
HGLG11;28/02/2023;14/03/2023;1.1
HGRU11;28/02/2023;14/03/2023;0.85
KNRI11;28/02/2023;14/03/2023;0.95
PMLL11;28/02/2023;14/03/2023;0.78
TGAR11;28/02/2023;14/03/2023;1.31
TRXF11;28/02/2023;14/03/2023;0.85
VISC11;28/02/2023;14/03/2023;0.8
XPLG11;28/02/2023;14/03/2023;0.74
BTLG11;15/03/2023;24/03/2023;0.74
XPML11;17/03/2023;24/03/2023;0.78
GARE11;31/03/2023;10/04/2023;0.082
PVBI11;31/03/2023;10/04/2023;0.61
BRCO11;31/03/2023;17/04/2023;0.62
FATN11;06/04/2023;17/04/2023;0.83
HGLG11;31/03/2023;17/04/2023;1.1
HGRU11;31/03/2023;17/04/2023;0.85
KNRI11;31/03/2023;17/04/2023;0.95
PMLL11;31/03/2023;17/04/2023;0.78
TGAR11;31/03/2023;17/04/2023;1.34
TRXF11;31/03/2023;17/04/2023;0.85
VISC11;31/03/2023;17/04/2023;0.82
XPLG11;31/03/2023;17/04/2023;0.74
BTLG11;14/04/2023;25/04/2023;0.74
XPML11;17/04/2023;25/04/2023;0.8
GARE11;28/04/2023;08/05/2023;0.082
PVBI11;28/04/2023;08/05/2023;0.61
BRCO11;28/04/2023;15/05/2023;0.62
FATN11;05/05/2023;15/05/2023;0.82
HGLG11;28/04/2023;15/05/2023;1.1
HGRU11;28/04/2023;15/05/2023;0.85
KNRI11;28/04/2023;15/05/2023;0.95
PMLL11;28/04/2023;15/05/2023;0.78
TGAR11;28/04/2023;15/05/2023;1.35
TRXF11;28/04/2023;15/05/2023;0.85
VISC11;28/04/2023;15/05/2023;0.82
XPLG11;28/04/2023;15/05/2023;0.74
BTLG11;15/05/2023;25/05/2023;0.74
XPML11;18/05/2023;25/05/2023;0.81
BRCO11;11/05/2023;05/06/2023;0.62
GARE11;31/05/2023;07/06/2023;0.082
PVBI11;31/05/2023;07/06/2023;0.61
BRCO11;31/05/2023;15/06/2023;0.78
FATN11;06/06/2023;15/06/2023;0.83
HGLG11;31/05/2023;15/06/2023;1.1
HGRU11;31/05/2023;15/06/2023;0.85
KNRI11;31/05/2023;15/06/2023;0.95
PMLL11;31/05/2023;15/06/2023;0.78
TGAR11;31/05/2023;15/06/2023;1.36
TRXF11;31/05/2023;15/06/2023;0.85
VISC11;31/05/2023;15/06/2023;0.82
XPLG11;31/05/2023;15/06/2023;0.75
BTLG11;15/06/2023;23/06/2023;0.74
XPML11;16/06/2023;23/06/2023;0.81
GARE11;30/06/2023;07/07/2023;0.082
PVBI11;30/06/2023;07/07/2023;0.61
BRCO11;30/06/2023;14/07/2023;0.87
FATN11;06/07/2023;14/07/2023;0.84
HGLG11;30/06/2023;14/07/2023;1.5
HGRU11;30/06/2023;14/07/2023;1.4
KNRI11;30/06/2023;14/07/2023;1.51
PMLL11;30/06/2023;14/07/2023;0.8
TGAR11;30/06/2023;14/07/2023;1.38
TRXF11;30/06/2023;14/07/2023;0.9
VISC11;30/06/2023;14/07/2023;0.85
XPLG11;30/06/2023;14/07/2023;0.79
BTLG11;14/07/2023;25/07/2023;0.76
XPML11;18/07/2023;25/07/2023;0.83
GARE11;31/07/2023;07/08/2023;0.082
PVBI11;31/07/2023;07/08/2023;0.72
BRCO11;31/07/2023;14/08/2023;0.87
FATN11;04/08/2023;14/08/2023;0.84
HGLG11;31/07/2023;14/08/2023;1.1
HGRU11;31/07/2023;14/08/2023;0.85
KNRI11;31/07/2023;14/08/2023;0.95
PMLL11;31/07/2023;14/08/2023;0.8
TGAR11;31/07/2023;14/08/2023;1.4
TRXF11;31/07/2023;14/08/2023;0.9
VISC11;31/07/2023;14/08/2023;0.85
XPLG11;31/07/2023;14/08/2023;0.78
BTLG11;15/08/2023;25/08/2023;0.76
XPML11;18/08/2023;25/08/2023;0.84
GARE11;31/08/2023;08/09/2023;0.084
PVBI11;31/08/2023;08/09/2023;0.67
BRCO11;31/08/2023;15/09/2023;0.87
FATN11;06/09/2023;15/09/2023;0.85
HGLG11;31/08/2023;15/09/2023;1.1
HGRU11;31/08/2023;15/09/2023;0.85
KNRI11;31/08/2023;15/09/2023;0.95
PMLL11;31/08/2023;15/09/2023;0.85
TGAR11;31/08/2023;15/09/2023;1.42
TRXF11;31/08/2023;15/09/2023;0.9
VISC11;31/08/2023;15/09/2023;0.92
XPLG11;31/08/2023;15/09/2023;0.78
BTLG11;15/09/2023;25/09/2023;0.76
XPML11;18/09/2023;25/09/2023;0.85
GARE11;29/09/2023;06/10/2023;0.084
PVBI11;29/09/2023;06/10/2023;0.7
BRCO11;29/09/2023;13/10/2023;0.87
FATN11;05/10/2023;16/10/2023;0.85
HGLG11;29/09/2023;16/10/2023;1.1
HGRU11;29/09/2023;16/10/2023;0.85
KNRI11;29/09/2023;16/10/2023;1
PMLL11;29/09/2023;16/10/2023;0.85
TGAR11;29/09/2023;16/10/2023;1.43
TRXF11;29/09/2023;16/10/2023;0.9
VISC11;29/09/2023;16/10/2023;0.92
XPLG11;29/09/2023;16/10/2023;0.78
BTLG11;13/10/2023;25/10/2023;0.76
XPML11;18/10/2023;25/10/2023;0.85
GARE11;31/10/2023;08/11/2023;0.084
PVBI11;31/10/2023;08/11/2023;0.7
BRCO11;31/10/2023;16/11/2023;0.9
FATN11;07/11/2023;16/11/2023;0.85
HGLG11;31/10/2023;16/11/2023;1.1
HGRU11;31/10/2023;16/11/2023;0.85
KNRI11;31/10/2023;16/11/2023;1
PMLL11;31/10/2023;16/11/2023;0.85
TGAR11;31/10/2023;16/11/2023;1.45
TRXF11;31/10/2023;16/11/2023;0.9
VISC11;31/10/2023;16/11/2023;1
XPLG11;31/10/2023;16/11/2023;0.78
BTLG11;14/11/2023;24/11/2023;0.76
XPML11;17/11/2023;24/11/2023;0.85
GARE11;30/11/2023;07/12/2023;0.084
PVBI11;30/11/2023;07/12/2023;0.7
BRCO11;30/11/2023;14/12/2023;0.95
FATN11;06/12/2023;14/12/2023;0.85
HGLG11;30/11/2023;14/12/2023;1.1
HGRU11;30/11/2023;14/12/2023;0.85
KNRI11;30/11/2023;14/12/2023;1
PMLL11;30/11/2023;14/12/2023;0.8
TGAR11;30/11/2023;14/12/2023;1.43
TRXF11;30/11/2023;14/12/2023;0.9
VISC11;30/11/2023;14/12/2023;1
XPLG11;30/11/2023;14/12/2023;0.78
BTLG11;15/12/2023;22/12/2023;0.76
XPML11;15/12/2023;22/12/2023;0.9
GARE11;28/12/2023;08/01/2024;0.084
PVBI11;28/12/2023;08/01/2024;0.7
VISC11;28/12/2023;12/01/2024;1
BRCO11;28/12/2023;15/01/2024;0.99
FATN11;05/01/2024;15/01/2024;0.85
HGLG11;28/12/2023;15/01/2024;1.1
HGRU11;28/12/2023;15/01/2024;2.3
KNRI11;28/12/2023;15/01/2024;1
PMLL11;28/12/2023;15/01/2024;0.8
TGAR11;28/12/2023;15/01/2024;1.32
TRXF11;28/12/2023;15/01/2024;1.7
XPLG11;28/12/2023;15/01/2024;0.78
BTLG11;15/01/2024;25/01/2024;0.81
XPML11;18/01/2024;25/01/2024;0.92
GARE11;31/01/2024;07/02/2024;0.084
PVBI11;31/01/2024;07/02/2024;0.7
BRCO11;31/01/2024;16/02/2024;0.87
FATN11;06/02/2024;16/02/2024;0.85
HGLG11;31/01/2024;16/02/2024;1.1
HGRU11;31/01/2024;16/02/2024;0.85
KNRI11;31/01/2024;16/02/2024;1
PMLL11;31/01/2024;16/02/2024;0.92
TGAR11;31/01/2024;16/02/2024;1.32
TRXF11;31/01/2024;16/02/2024;0.9
VISC11;31/01/2024;16/02/2024;1
XPLG11;31/01/2024;16/02/2024;0.78
BTLG11;15/02/2024;23/02/2024;0.78
XPML11;16/02/2024;23/02/2024;0.9
GARE11;29/02/2024;07/03/2024;0.086
PVBI11;29/02/2024;07/03/2024;0.65
BRCO11;29/02/2024;14/03/2024;0.87
FATN11;06/03/2024;14/03/2024;0.85
HGLG11;29/02/2024;14/03/2024;1.1
HGRU11;29/02/2024;14/03/2024;0.85
KNRI11;29/02/2024;14/03/2024;1
PMLL11;29/02/2024;14/03/2024;0.92
TGAR11;29/02/2024;14/03/2024;1.33
TRXF11;29/02/2024;14/03/2024;0.9
VISC11;29/02/2024;14/03/2024;1
XPLG11;29/02/2024;14/03/2024;0.78
BTLG11;15/03/2024;25/03/2024;0.76
XPML11;18/03/2024;25/03/2024;0.9
GARE11;28/03/2024;05/04/2024;0.087
PVBI11;28/03/2024;05/04/2024;0.65
BRCO11;28/03/2024;12/04/2024;0.87
FATN11;04/04/2024;12/04/2024;0.85
HGLG11;28/03/2024;12/04/2024;1.1
HGRU11;28/03/2024;12/04/2024;0.85
KNRI11;28/03/2024;12/04/2024;1
PMLL11;28/03/2024;12/04/2024;0.92
TGAR11;28/03/2024;12/04/2024;1.33
TRXF11;28/03/2024;12/04/2024;0.9
VISC11;28/03/2024;12/04/2024;1
XPLG11;28/03/2024;12/04/2024;0.78
BTLG11;15/04/2024;25/04/2024;0.76
XPML11;18/04/2024;25/04/2024;0.91
GARE11;30/04/2024;08/05/2024;0.087
PVBI11;30/04/2024;08/05/2024;0.65
BRCO11;30/04/2024;15/05/2024;0.87
FATN11;07/05/2024;15/05/2024;0.85
HGLG11;30/04/2024;15/05/2024;1.1
HGRU11;30/04/2024;15/05/2024;0.85
KNRI11;30/04/2024;15/05/2024;1
PMLL11;30/04/2024;15/05/2024;0.9
TGAR11;30/04/2024;15/05/2024;1.34
TRXF11;30/04/2024;15/05/2024;0.9
VISC11;30/04/2024;15/05/2024;1
XPLG11;30/04/2024;15/05/2024;0.78
BTLG11;15/05/2024;24/05/2024;0.76
XPML11;17/05/2024;24/05/2024;0.92
GARE11;31/05/2024;07/06/2024;0.087
PVBI11;31/05/2024;07/06/2024;0.65
BRCO11;31/05/2024;14/06/2024;0.87
FATN11;06/06/2024;14/06/2024;0.85
HGLG11;31/05/2024;14/06/2024;1.1
HGRU11;31/05/2024;14/06/2024;0.85
KNRI11;31/05/2024;14/06/2024;1
PMLL11;31/05/2024;14/06/2024;0.87
TGAR11;31/05/2024;14/06/2024;1.35
TRXF11;31/05/2024;14/06/2024;0.9
VISC11;31/05/2024;14/06/2024;1
XPLG11;31/05/2024;14/06/2024;0.78
BTLG11;14/06/2024;25/06/2024;0.76
XPML11;18/06/2024;25/06/2024;0.92
GARE11;28/06/2024;05/07/2024;0.087
PVBI11;28/06/2024;05/07/2024;0.65
BRCO11;28/06/2024;12/07/2024;0.87
FATN11;04/07/2024;12/07/2024;0.85
HGLG11;28/06/2024;12/07/2024;1.1
HGRU11;28/06/2024;12/07/2024;1.25
KNRI11;28/06/2024;12/07/2024;1
PMLL11;28/06/2024;12/07/2024;0.8
TGAR11;28/06/2024;12/07/2024;1.33
TRXF11;28/06/2024;12/07/2024;1.05
VISC11;28/06/2024;12/07/2024;0.85
XPLG11;28/06/2024;12/07/2024;0.78
BTLG11;15/07/2024;25/07/2024;0.76
XPML11;18/07/2024;25/07/2024;0.92
GARE11;31/07/2024;07/08/2024;0.087
PVBI11;31/07/2024;07/08/2024;0.65
BRCO11;31/07/2024;14/08/2024;0.87
FATN11;06/08/2024;14/08/2024;0.85
HGLG11;31/07/2024;14/08/2024;1.1
HGRU11;31/07/2024;14/08/2024;0.85
KNRI11;31/07/2024;14/08/2024;1
PMLL11;31/07/2024;14/08/2024;0.8
TGAR11;31/07/2024;14/08/2024;1.22
TRXF11;31/07/2024;14/08/2024;0.93
VISC11;31/07/2024;14/08/2024;0.85
XPLG11;31/07/2024;14/08/2024;0.78
BTLG11;15/08/2024;23/08/2024;0.76
XPML11;16/08/2024;23/08/2024;0.92
GARE11;30/08/2024;06/09/2024;0.087
PVBI11;30/08/2024;06/09/2024;0.65
BRCO11;30/08/2024;13/09/2024;0.87
FATN11;05/09/2024;13/09/2024;0.85
HGLG11;30/08/2024;13/09/2024;1.1
HGRU11;30/08/2024;13/09/2024;0.85
KNRI11;30/08/2024;13/09/2024;1
PMLL11;30/08/2024;13/09/2024;0.78
TGAR11;30/08/2024;13/09/2024;1.12
TRXF11;30/08/2024;13/09/2024;0.93
VISC11;30/08/2024;13/09/2024;0.83
XPLG11;30/08/2024;13/09/2024;0.78
BTLG11;13/09/2024;25/09/2024;0.78
XPML11;18/09/2024;25/09/2024;0.92
GARE11;30/09/2024;07/10/2024;0.09
PVBI11;30/09/2024;07/10/2024;0.55
BRCO11;30/09/2024;14/10/2024;0.87
FATN11;04/10/2024;14/10/2024;0.85
HGLG11;30/09/2024;14/10/2024;1.1
HGRU11;30/09/2024;14/10/2024;0.85
KNRI11;30/09/2024;14/10/2024;1
PMLL11;30/09/2024;14/10/2024;0.78
TGAR11;30/09/2024;14/10/2024;1.14
TRXF11;30/09/2024;14/10/2024;0.93
VISC11;30/09/2024;14/10/2024;0.8
XPLG11;30/09/2024;14/10/2024;0.78
BTLG11;15/10/2024;25/10/2024;0.78
XPML11;18/10/2024;25/10/2024;0.92
GARE11;31/10/2024;07/11/2024;0.092
PVBI11;31/10/2024;07/11/2024;0.55
BRCO11;31/10/2024;14/11/2024;0.87
FATN11;06/11/2024;14/11/2024;0.85
HGLG11;31/10/2024;14/11/2024;1.1
HGRU11;31/10/2024;14/11/2024;0.9
KNRI11;31/10/2024;14/11/2024;1
PMLL11;31/10/2024;14/11/2024;0.78
TGAR11;31/10/2024;14/11/2024;1.15
TRXF11;31/10/2024;14/11/2024;0.93
VISC11;31/10/2024;14/11/2024;0.8
XPLG11;31/10/2024;14/11/2024;0.78
BTLG11;14/11/2024;25/11/2024;0.78
XPML11;14/11/2024;25/11/2024;0.92
GARE11;29/11/2024;06/12/2024;0.092
PVBI11;29/11/2024;06/12/2024;0.55
BRCO11;29/11/2024;13/12/2024;0.87
FATN11;05/12/2024;13/12/2024;0.85
HGLG11;29/11/2024;13/12/2024;1.1
HGRU11;29/11/2024;13/12/2024;0.9
KNRI11;29/11/2024;13/12/2024;1
PMLL11;29/11/2024;13/12/2024;0.78
TGAR11;29/11/2024;13/12/2024;1.15
TRXF11;29/11/2024;13/12/2024;0.93
VISC11;29/11/2024;13/12/2024;0.8
XPLG11;29/11/2024;13/12/2024;0.78
BTLG11;13/12/2024;23/12/2024;0.78
XPML11;16/12/2024;23/12/2024;0.92
GARE11;30/12/2024;08/01/2025;0.092
PVBI11;30/12/2024;08/01/2025;0.55
XPLG11;30/12/2024;14/01/2025;0.78
BRCO11;30/12/2024;15/01/2025;0.87
FATN11;07/01/2025;15/01/2025;0.85
HGLG11;30/12/2024;15/01/2025;1.1
HGRU11;30/12/2024;15/01/2025;1.9
KNRI11;30/12/2024;15/01/2025;1
PMLL11;30/12/2024;15/01/2025;0.78
TGAR11;30/12/2024;15/01/2025;1.1
TRXF11;30/12/2024;15/01/2025;2.5
VISC11;30/12/2024;15/01/2025;0.8
BTLG11;15/01/2025;22/01/2025;0.86819
XPML11;17/01/2025;24/01/2025;0.92
GARE11;31/01/2025;07/02/2025;0.083
PVBI11;31/01/2025;07/02/2025;0.55
BRCO11;31/01/2025;14/02/2025;0.87
FATN11;06/02/2025;14/02/2025;0.8
HGLG11;31/01/2025;14/02/2025;1.1
HGRU11;31/01/2025;14/02/2025;0.9
KNRI11;31/01/2025;14/02/2025;1
PMLL11;31/01/2025;14/02/2025;0.83
TGAR11;31/01/2025;14/02/2025;1
TRXF11;31/01/2025;14/02/2025;0.93
VISC11;31/01/2025;14/02/2025;0.8
XPLG11;31/01/2025;14/02/2025;0.82
BTLG11;14/02/2025;25/02/2025;0.78
XPML11;18/02/2025;25/02/2025;0.92
GARE11;28/02/2025;11/03/2025;0.083
PVBI11;28/02/2025;11/03/2025;0.5
BRCO11;28/02/2025;18/03/2025;0.87
FATN11;10/03/2025;18/03/2025;0.8
HGLG11;28/02/2025;18/03/2025;1.1
HGRU11;28/02/2025;18/03/2025;0.9
KNRI11;28/02/2025;18/03/2025;1
PMLL11;28/02/2025;18/03/2025;0.85
TGAR11;28/02/2025;18/03/2025;1
TRXF11;28/02/2025;18/03/2025;0.93
VISC11;28/02/2025;18/03/2025;0.8
XPLG11;28/02/2025;18/03/2025;0.82
BTLG11;14/03/2025;25/03/2025;0.78
XPML11;18/03/2025;25/03/2025;0.92
GARE11;31/03/2025;07/04/2025;0.083
PVBI11;31/03/2025;07/04/2025;0.5
BRCO11;31/03/2025;14/04/2025;0.87
FATN11;04/04/2025;14/04/2025;0.8
HGLG11;31/03/2025;14/04/2025;1.1
HGRU11;31/03/2025;14/04/2025;0.9
KNRI11;31/03/2025;14/04/2025;1
PMLL11;31/03/2025;14/04/2025;0.85
TGAR11;31/03/2025;14/04/2025;1
TRXF11;31/03/2025;14/04/2025;0.93
VISC11;31/03/2025;14/04/2025;0.8
XPLG11;31/03/2025;14/04/2025;0.82
BTLG11;15/04/2025;25/04/2025;0.78
XPML11;16/04/2025;25/04/2025;0.92
GARE11;30/04/2025;08/05/2025;0.083
PVBI11;30/04/2025;08/05/2025;0.5
BRCO11;30/04/2025;15/05/2025;0.87
FATN11;07/05/2025;15/05/2025;0.8
HGLG11;30/04/2025;15/05/2025;1.1
HGRU11;30/04/2025;15/05/2025;0.9
KNRI11;30/04/2025;15/05/2025;1
PMLL11;30/04/2025;15/05/2025;0.85
TGAR11;30/04/2025;15/05/2025;1
TRXF11;30/04/2025;15/05/2025;0.93
VISC11;30/04/2025;15/05/2025;0.8
XPLG11;30/04/2025;15/05/2025;0.82
BTLG11;15/05/2025;23/05/2025;0.78
XPML11;16/05/2025;23/05/2025;0.92
GARE11;30/05/2025;06/06/2025;0.083
PVBI11;30/05/2025;06/06/2025;0.5
BRCO11;30/05/2025;13/06/2025;0.87
FATN11;05/06/2025;13/06/2025;0.8
HGLG11;30/05/2025;13/06/2025;1.1
HGRU11;30/05/2025;13/06/2025;0.9
KNRI11;30/05/2025;13/06/2025;1
PMLL11;30/05/2025;13/06/2025;0.85
TGAR11;30/05/2025;13/06/2025;1
TRXF11;30/05/2025;13/06/2025;0.93
VISC11;30/05/2025;13/06/2025;0.8
XPLG11;30/05/2025;13/06/2025;0.82
BTLG11;13/06/2025;23/06/2025;0.78
XPML11;17/06/2025;25/06/2025;0.92
GARE11;30/06/2025;07/07/2025;0.083
PVBI11;30/06/2025;07/07/2025;0.5
BRCO11;30/06/2025;14/07/2025;1.05
FATN11;04/07/2025;14/07/2025;0.8
HGLG11;30/06/2025;14/07/2025;1.1
HGRU11;30/06/2025;14/07/2025;1.55
KNRI11;30/06/2025;14/07/2025;1
PMLL11;30/06/2025;14/07/2025;0.86
TGAR11;30/06/2025;14/07/2025;1
TRXF11;30/06/2025;14/07/2025;1.51
VISC11;30/06/2025;14/07/2025;0.81
XPLG11;30/06/2025;14/07/2025;0.82
BTLG11;15/07/2025;25/07/2025;0.7801
XPML11;18/07/2025;25/07/2025;0.92
GARE11;31/07/2025;07/08/2025;0.083
PVBI11;31/07/2025;07/08/2025;0.5
BRCO11;31/07/2025;14/08/2025;0.87
FATN11;06/08/2025;14/08/2025;0.8
HGLG11;31/07/2025;14/08/2025;1.1
HGRU11;31/07/2025;14/08/2025;0.95
KNRI11;31/07/2025;14/08/2025;1
PMLL11;31/07/2025;14/08/2025;0.86
TGAR11;31/07/2025;14/08/2025;1
TRXF11;31/07/2025;14/08/2025;0.93
VISC11;31/07/2025;14/08/2025;0.81
XPLG11;31/07/2025;14/08/2025;0.82
BTLG11;15/08/2025;25/08/2025;0.78
XPML11;18/08/2025;25/08/2025;0.92
GARE11;29/08/2025;05/09/2025;0.083
PVBI11;29/08/2025;05/09/2025;0.45
BRCO11;29/08/2025;12/09/2025;0.87
FATN11;04/09/2025;12/09/2025;0.8
HGLG11;29/08/2025;12/09/2025;1.1
HGRU11;29/08/2025;12/09/2025;0.95
KNRI11;29/08/2025;12/09/2025;1
PMLL11;29/08/2025;12/09/2025;0.86
TGAR11;29/08/2025;12/09/2025;1
TRXF11;29/08/2025;12/09/2025;0.93
VISC11;29/08/2025;12/09/2025;0.81
XPLG11;29/08/2025;12/09/2025;0.82
BTLG11;15/09/2025;25/09/2025;0.79
XPML11;18/09/2025;25/09/2025;0.92
GARE11;30/09/2025;07/10/2025;0.083
PVBI11;30/09/2025;07/10/2025;0.45
BRCO11;30/09/2025;14/10/2025;0.87
FATN11;06/10/2025;14/10/2025;0.8
HGLG11;30/09/2025;14/10/2025;1.1
HGRU11;30/09/2025;14/10/2025;0.95
KNRI11;30/09/2025;14/10/2025;1
PMLL11;30/09/2025;14/10/2025;0.86
TGAR11;30/09/2025;14/10/2025;1
TRXF11;30/09/2025;14/10/2025;0.93
VISC11;30/09/2025;14/10/2025;0.81
XPLG11;30/09/2025;14/10/2025;0.82
BTLG11;15/10/2025;24/10/2025;0.79
XPML11;17/10/2025;24/10/2025;0.92
GARE11;31/10/2025;07/11/2025;0.083
PVBI11;31/10/2025;07/11/2025;0.45
BRCO11;31/10/2025;14/11/2025;0.87
FATN11;06/11/2025;14/11/2025;0.8
HGLG11;31/10/2025;14/11/2025;1.1
HGRU11;31/10/2025;14/11/2025;0.95
KNRI11;31/10/2025;14/11/2025;1
PMLL11;31/10/2025;14/11/2025;0.86
TGAR11;31/10/2025;14/11/2025;1
TRXF11;31/10/2025;14/11/2025;0.93
VISC11;31/10/2025;14/11/2025;0.81
XPLG11;31/10/2025;14/11/2025;0.82
BTLG11;14/11/2025;25/11/2025;0.79
XPML11;17/11/2025;25/11/2025;0.92
GARE11;28/11/2025;05/12/2025;0.083
PVBI11;28/11/2025;05/12/2025;0.45
BRCO11;28/11/2025;12/12/2025;0.87
FATN11;04/12/2025;12/12/2025;0.8
HGLG11;28/11/2025;12/12/2025;1.1
HGRU11;28/11/2025;12/12/2025;0.95
KNRI11;28/11/2025;12/12/2025;1
PMLL11;28/11/2025;12/12/2025;0.86
TGAR11;28/11/2025;12/12/2025;1
TRXF11;28/11/2025;12/12/2025;0.93
VISC11;28/11/2025;12/12/2025;0.81
XPLG11;28/11/2025;12/12/2025;0.82
BTLG11;15/12/2025;23/12/2025;0.79
XPML11;16/12/2025;23/12/2025;0.92
GARE11;30/12/2025;08/01/2026;0.083
PVBI11;30/12/2025;08/01/2026;0.45
BRCO11;30/12/2025;15/01/2026;0.87
FATN11;07/01/2026;15/01/2026;0.8
HGLG11;30/12/2025;15/01/2026;1.1
HGRU11;30/12/2025;15/01/2026;1.45
KNRI11;30/12/2025;15/01/2026;1.25
PMLL11;30/12/2025;15/01/2026;0.86
TGAR11;30/12/2025;15/01/2026;1
TRXF11;30/12/2025;15/01/2026;1
VISC11;30/12/2025;15/01/2026;0.81
XPLG11;30/12/2025;15/01/2026;0.82
BTLG11;15/01/2026;23/01/2026;0.79
XPML11;16/01/2026;23/01/2026;0.92
GARE11;30/01/2026;06/02/2026;0.083
PVBI11;30/01/2026;06/02/2026;0.45
BRCO11;30/01/2026;13/02/2026;0.87
FATN11;05/02/2026;13/02/2026;0.8
HGLG11;30/01/2026;13/02/2026;1.1
HGRU11;30/01/2026;13/02/2026;0.95
KNRI11;30/01/2026;13/02/2026;0.88
PMLL11;30/01/2026;13/02/2026;1
TGAR11;30/01/2026;13/02/2026;0.71
TRXF11;30/01/2026;13/02/2026;0.93
VISC11;30/01/2026;13/02/2026;0.84
XPLG11;30/01/2026;13/02/2026;0.82
BTLG11;13/02/2026;25/02/2026;0.8
XPML11;18/02/2026;25/02/2026;0.92
GARE11;27/02/2026;06/03/2026;0.083
PVBI11;27/02/2026;06/03/2026;0.45
BRCO11;27/02/2026;13/03/2026;0.92
FATN11;05/03/2026;13/03/2026;0.8
HGLG11;27/02/2026;13/03/2026;1.1
HGRU11;27/02/2026;13/03/2026;0.95
KNRI11;27/02/2026;13/03/2026;1.1
PMLL11;27/02/2026;13/03/2026;1
TGAR11;27/02/2026;13/03/2026;0.72
TRXF11;27/02/2026;13/03/2026;0.93
VISC11;27/02/2026;13/03/2026;0.84
XPLG11;27/02/2026;13/03/2026;0.82
BTLG11;13/03/2026;25/03/2026;0.8
XPML11;18/03/2026;25/03/2026;0.92
GARE11;31/03/2026;08/04/2026;0.083
PVBI11;31/03/2026;08/04/2026;0.4
BRCO11;31/03/2026;15/04/2026;0.92
FATN11;07/04/2026;15/04/2026;0.8
HGLG11;31/03/2026;15/04/2026;1.1
HGRU11;31/03/2026;15/04/2026;0.95
KNRI11;31/03/2026;15/04/2026;1.1
PMLL11;31/03/2026;15/04/2026;1
TGAR11;31/03/2026;15/04/2026;0.72
TRXF11;31/03/2026;15/04/2026;0.93
VISC11;31/03/2026;15/04/2026;0.84
XPLG11;31/03/2026;15/04/2026;0.82
BTLG11;15/04/2026;24/04/2026;0.81
XPML11;16/04/2026;24/04/2026;0.92
GARE11;30/04/2026;08/05/2026;0.083
PVBI11;30/04/2026;08/05/2026;0.4
BRCO11;30/04/2026;15/05/2026;0.95
FATN11;07/05/2026;15/05/2026;0.8
HGLG11;30/04/2026;15/05/2026;1.1
HGRU11;30/04/2026;15/05/2026;0.95
KNRI11;30/04/2026;15/05/2026;1.1
PMLL11;30/04/2026;15/05/2026;1
TGAR11;30/04/2026;15/05/2026;0.72
TRXF11;30/04/2026;15/05/2026;0.93
VISC11;30/04/2026;15/05/2026;0.84
XPLG11;30/04/2026;15/05/2026;0.82
BTLG11;15/05/2026;25/05/2026;0.81
XPML11;18/05/2026;25/05/2026;0.92
GARE11;29/05/2026;08/06/2026;0.083
PVBI11;29/05/2026;08/06/2026;0.4
BRCO11;29/05/2026;15/06/2026;0.95
FATN11;05/06/2026;15/06/2026;0.8
HGLG11;29/05/2026;15/06/2026;1.1
HGRU11;29/05/2026;15/06/2026;0.95
KNRI11;29/05/2026;15/06/2026;1.1
PMLL11;29/05/2026;15/06/2026;1
TGAR11;29/05/2026;15/06/2026;0.72
TRXF11;29/05/2026;15/06/2026;0.93
VISC11;29/05/2026;15/06/2026;0.84
XPLG11;29/05/2026;15/06/2026;0.82
BTLG11;15/06/2026;25/06/2026;0.81
